{"cameraMode":{"drawMode":0,"name":"Shaded","section":"Shading Mode"},"sceneLighting":true,"audioPlay":false,"sceneViewState":{"showFog":false,"showMaterialUpdate":false,"showSkybox":true,"showFlares":false,"showImageEffects":false,"showParticleSystems":true},"in2DMode":false,"pivot":{"x":7.206977844238281,"y":-6.723127365112305,"z":9.699457168579102},"rotation":{"x":0.3165547251701355,"y":0.25328195095062258,"z":-0.088118776679039,"w":0.9098772406578064},"size":37.48072814941406,"orthographic":false}