{"cameraMode":{"drawMode":0,"name":"Shaded","section":"Shading Mode"},"sceneLighting":false,"audioPlay":false,"sceneViewState":{"showFog":false,"showMaterialUpdate":false,"showSkybox":true,"showFlares":false,"showImageEffects":false,"showParticleSystems":true},"in2DMode":false,"pivot":{"x":16.990123748779298,"y":1.0308170318603516,"z":10.007339477539063},"rotation":{"x":-0.018916958943009378,"y":0.8758492469787598,"z":-0.03444717079401016,"w":-0.4809820353984833},"size":1.8225011825561524,"orthographic":false}