{"cameraMode":{"drawMode":0,"name":"Shaded","section":"Shading Mode"},"sceneLighting":false,"audioPlay":false,"sceneViewState":{"showFog":false,"showMaterialUpdate":false,"showSkybox":true,"showFlares":false,"showImageEffects":false,"showParticleSystems":true},"in2DMode":false,"pivot":{"x":3.988046169281006,"y":2.149681568145752,"z":10.030465126037598},"rotation":{"x":0.22573532164096833,"y":-0.4338942766189575,"z":0.11325167119503021,"w":0.8648430109024048},"size":2.1453449726104738,"orthographic":false}