{"cameraMode":{"drawMode":0,"name":"Shaded","section":"Shading Mode"},"sceneLighting":true,"audioPlay":false,"sceneViewState":{"showFog":false,"showMaterialUpdate":false,"showSkybox":true,"showFlares":false,"showImageEffects":false,"showParticleSystems":true},"in2DMode":false,"pivot":{"x":2.768704414367676,"y":2.206433057785034,"z":4.777917385101318},"rotation":{"x":0.26791995763778689,"y":-0.2631116509437561,"z":0.07631850987672806,"w":0.92367023229599},"size":4.708332061767578,"orthographic":false}