{"cameraMode":{"drawMode":0,"name":"Shaded","section":"Shading Mode"},"sceneLighting":false,"audioPlay":false,"sceneViewState":{"showFog":false,"showMaterialUpdate":false,"showSkybox":true,"showFlares":false,"showImageEffects":false,"showParticleSystems":true},"in2DMode":false,"pivot":{"x":0.0007388293743133545,"y":0.0187482088804245,"z":0.02104245126247406},"rotation":{"x":0.09705924242734909,"y":-0.6096442937850952,"z":0.07556311041116715,"w":0.7830731272697449},"size":0.44927966594696047,"orthographic":false}