{"cameraMode":{"drawMode":0,"name":"Shaded","section":"Shading Mode"},"sceneLighting":true,"audioPlay":false,"sceneViewState":{"showFog":false,"showMaterialUpdate":false,"showSkybox":true,"showFlares":false,"showImageEffects":false,"showParticleSystems":true},"in2DMode":false,"pivot":{"x":0.11938858032226563,"y":0.2167820930480957,"z":3.400482177734375},"rotation":{"x":0.23351405560970307,"y":-0.21520546078681947,"z":0.053079165518283847,"w":0.9467525482177734},"size":16.492361068725587,"orthographic":false}