{"cameraMode":{"drawMode":0,"name":"Shaded","section":"Shading Mode"},"sceneLighting":true,"audioPlay":false,"sceneViewState":{"showFog":false,"showMaterialUpdate":false,"showSkybox":true,"showFlares":false,"showImageEffects":false,"showParticleSystems":true},"in2DMode":false,"pivot":{"x":3.944580554962158,"y":2.6834211349487306,"z":2.1270852088928224},"rotation":{"x":0.41328689455986025,"y":-0.1303943544626236,"z":0.059930261224508288,"w":0.899221658706665},"size":3.9536049365997316,"orthographic":false}