{"cameraMode":{"drawMode":0,"name":"Shaded","section":"Shading Mode"},"sceneLighting":true,"audioPlay":false,"sceneViewState":{"showFog":false,"showMaterialUpdate":false,"showSkybox":true,"showFlares":false,"showImageEffects":false,"showParticleSystems":true},"in2DMode":false,"pivot":{"x":3.896806240081787,"y":1.0269849300384522,"z":5.146306037902832},"rotation":{"x":0.12011794000864029,"y":-0.8725143074989319,"z":0.26876991987228396,"w":0.389940083026886},"size":8.87900161743164,"orthographic":false}