{"cameraMode":{"drawMode":0,"name":"Shaded","section":"Shading Mode"},"sceneLighting":true,"audioPlay":false,"sceneViewState":{"showFog":false,"showMaterialUpdate":false,"showSkybox":true,"showFlares":false,"showImageEffects":false,"showParticleSystems":true},"in2DMode":false,"pivot":{"x":3.556097984313965,"y":0.6599950790405273,"z":7.44241189956665},"rotation":{"x":0.24240955710411073,"y":-0.45789894461631777,"z":0.1313321739435196,"w":0.8451734185218811},"size":8.409845352172852,"orthographic":false}