{"cameraMode":{"drawMode":0,"name":"Shaded","section":"Shading Mode"},"sceneLighting":true,"audioPlay":false,"sceneViewState":{"showFog":false,"showMaterialUpdate":false,"showSkybox":true,"showFlares":false,"showImageEffects":false,"showParticleSystems":true},"in2DMode":false,"pivot":{"x":5.572273254394531,"y":1.9866539239883423,"z":2.4109175205230715},"rotation":{"x":0.23347002267837525,"y":-0.4136718213558197,"z":0.11062947660684586,"w":0.8729997277259827},"size":3.5486044883728029,"orthographic":false}