{"cameraMode":{"drawMode":0,"name":"Shaded","section":"Shading Mode"},"sceneLighting":true,"audioPlay":false,"sceneViewState":{"showFog":false,"showMaterialUpdate":false,"showSkybox":true,"showFlares":false,"showImageEffects":false,"showParticleSystems":true},"in2DMode":false,"pivot":{"x":575.9421997070313,"y":239.69712829589845,"z":5.9503173828125},"rotation":{"x":0.1050519049167633,"y":-0.03729484602808952,"z":0.003941877745091915,"w":0.9937593936920166},"size":883.7271728515625,"orthographic":false}