{"cameraMode":{"drawMode":0,"name":"Shaded","section":"Shading Mode"},"sceneLighting":true,"audioPlay":false,"sceneViewState":{"showFog":false,"showMaterialUpdate":false,"showSkybox":true,"showFlares":false,"showImageEffects":false,"showParticleSystems":true},"in2DMode":false,"pivot":{"x":11.151097297668457,"y":0.6487486362457275,"z":12.964916229248047},"rotation":{"x":-0.18523328006267548,"y":-0.0023613821249455215,"z":0.00044495612382888794,"w":-0.9826916456222534},"size":5.745234966278076,"orthographic":false}