{"cameraMode":{"drawMode":0,"name":"Shaded","section":"Shading Mode"},"sceneLighting":true,"audioPlay":false,"sceneViewState":{"showFog":false,"showMaterialUpdate":false,"showSkybox":true,"showFlares":false,"showImageEffects":false,"showParticleSystems":true},"in2DMode":false,"pivot":{"x":1.4857962131500245,"y":1.7954133749008179,"z":0.3901946544647217},"rotation":{"x":-0.06431411951780319,"y":0.9243233799934387,"z":-0.17998051643371583,"w":-0.33029842376708987},"size":12.439518928527832,"orthographic":false}