{"cameraMode":{"drawMode":0,"name":"Shaded","section":"Shading Mode"},"sceneLighting":true,"audioPlay":false,"sceneViewState":{"showFog":false,"showMaterialUpdate":false,"showSkybox":true,"showFlares":false,"showImageEffects":false,"showParticleSystems":true},"in2DMode":false,"pivot":{"x":3.8537790775299074,"y":1.074906826019287,"z":6.506648063659668},"rotation":{"x":0.4301173985004425,"y":-0.5316320657730103,"z":0.36045199632644656,"w":0.6343822479248047},"size":8.179295539855957,"orthographic":false}